 name,email, age
Ms. Danielle Nader,Robin_Schaefer@hotmail.com,47
Catherine Hoeger V,Amelia.Zulauf@yahoo.com,50
Margaret Gutkowski,Elisa.Kemmer@hotmail.com,57
Fannie Kunde,Myron.Tromp@hotmail.com,98
Barry Koss,Rose86@gmail.com,33
Forrest Reinger I,Esther_Kuhlman2@gmail.com,115
Jay Parker,Sharon_Walter51@gmail.com,118
Alice Corwin,Christopher.Blick@hotmail.com,57
Dewey Ritchie,Bryant.Kertzmann5@gmail.com,109
Nichole Hintz,Kyle_Thiel90@hotmail.com,91
Roland Walsh,Janie39@gmail.com,12
Eddie Jones,Taylor.Feest92@yahoo.com,94
Colin Stamm-Lind,Ismael_Walker33@gmail.com,48
Vernon Cummerata,Noah.Nienow@gmail.com,116
Nellie Schulist,Alfredo78@hotmail.com,63
Patrick Reilly,Bernadette_Krajcik@yahoo.com,23
Randy Stokes,Ramon_Swaniawski@hotmail.com,21
Terri Jacobs,Leonard_Hartmann42@yahoo.com,117
Cody Boyer,Joan.Feest-Swift@yahoo.com,114
Melody Lebsack,Pam_Schmeler@yahoo.com,64
Ginger Rodriguez,Andrew.Rowe28@yahoo.com,62
Edith Schulist,Noel.Legros99@hotmail.com,76
Nathaniel Hettinger,Kristopher_Durgan@hotmail.com,12
Donald Effertz,Kara.Monahan@yahoo.com,47
Kelvin Pouros,Kristen.Abbott65@gmail.com,92
Bradley Lind IV,Frank55@hotmail.com,37
Philip Cummings DVM,Erin.Friesen@yahoo.com,88
Tara Muller,Rogelio50@yahoo.com,81
Andy Turner,Damon_Wisoky-Ortiz20@hotmail.com,85
Gayle Wilkinson,Billie.Kuvalis61@gmail.com,67
Jamie Toy,Pedro_Howe61@yahoo.com,38
Geoffrey Douglas,Amanda.Kuphal56@yahoo.com,47
Duane Gorczany,Geraldine.Howell0@hotmail.com,108
Miriam Schmeler,Grant26@gmail.com,25
Miss Kelli Shields,Mae37@yahoo.com,12
Rachael Robel,Evelyn.Cremin69@hotmail.com,2
Rufus Jacobs,Jesus.Bartell62@hotmail.com,71
Morris Funk,Rudolph.Berge61@gmail.com,38
Lorena Cummings,Nadine26@gmail.com,48
Dr. Kristine Buckridge,Bryant.Schmitt@hotmail.com,92
Otis Klocko,Juan86@yahoo.com,17
Daisy Feeney,Barry64@yahoo.com,61
Rogelio Considine,Jasmine73@hotmail.com,13
Casey Grimes,Emilio.Powlowski@hotmail.com,109
Mr. Wallace Paucek,Domingo.Pacocha-Kuhn@yahoo.com,80
Freda Zboncak,Stanley_Abshire5@hotmail.com,44
Hilda Orn,Fredrick78@yahoo.com,63
Jimmy Kautzer,Darnell95@yahoo.com,8
Carl Ebert,Krista.Armstrong@yahoo.com,27
Miss Donna O'Reilly,Lucy88@gmail.com,118
Mabel Towne,Janie.Fadel@yahoo.com,81
Mrs. Casey Murray,Emmett_Kiehn66@hotmail.com,15
Leticia Smith,Kathleen85@yahoo.com,83
Mr. Carlos Hyatt,James90@yahoo.com,120
Leroy Jones,Santos.Green@yahoo.com,24
Roderick Hyatt,Merle_Runolfsdottir@hotmail.com,19
Doug Altenwerth,Victoria_Cronin@hotmail.com,102
Sara Gibson,Daryl71@yahoo.com,113
Bradley Mayert,Josefina.Trantow@hotmail.com,99
Gayle Lindgren,Kari56@hotmail.com,109
Christy Bartell,Gina_Roob@gmail.com,17
Herman Ortiz,Emilio6@yahoo.com,108
Johnnie Mayer,Ross.Reynolds21@hotmail.com,35
Myrtle Waters,Edmund_Funk@gmail.com,99
Flora Rodriguez I,Willie.Bogisich@gmail.com,84
Dr. Cecilia Konopelski-Lakin,Felicia75@gmail.com,87
Chelsea Boyle-Stoltenberg,Regina.Emard97@yahoo.com,83
Seth Mraz,Cecilia_Blanda89@gmail.com,24
Thelma Kris-Schinner,Johnnie.Jast93@hotmail.com,6
Thomas Hane,Dominic24@yahoo.com,93
Della Hickle,Leon_Rohan@hotmail.com,35
Kristi Durgan,Maria_Schmeler9@hotmail.com,70
Brad Sawayn,Tyler.Dach57@gmail.com,112
Isabel Crist Jr.,Cecilia_Braun54@yahoo.com,63
Allen Roob,Sandra.Heidenreich4@yahoo.com,40
Robin Wilkinson,Brent_Wilkinson2@hotmail.com,62
Martin Flatley,Gabriel23@hotmail.com,13
Delia Walker IV,Leticia_Schinner@yahoo.com,78
Blanca Durgan,Christina27@gmail.com,1
Ellen Hudson,Matthew.Medhurst69@gmail.com,111
Bobby Bayer,Erick_Brekke36@gmail.com,110
Karen Pfannerstill,Amber.Steuber-Greenfelder@gmail.com,49
Vanessa Kihn-Durgan,Lorena.Schuppe@hotmail.com,49
Grace Sporer,George38@yahoo.com,50
Krista Herzog-Paucek,Shawn.Tremblay@hotmail.com,109
Doyle Schaden,Clarence.Berge@hotmail.com,30
Beth Crooks,Sean.Bradtke99@yahoo.com,36
Doyle Botsford,Wilfred.Dickinson@hotmail.com,70
Santos Skiles,Joey22@gmail.com,17
Ms. Gina Kuhic,Debbie83@hotmail.com,78
Garry Pfeffer,Lora_Heathcote91@yahoo.com,105
Annie Rogahn,June.Kuhn24@hotmail.com,92
Hubert Gerlach,Alice99@hotmail.com,3
Clark Willms,Leo25@gmail.com,45
Natalie Lesch PhD,Marilyn76@yahoo.com,76
Pauline Cremin,Geraldine.Langworth27@hotmail.com,50
Nellie Labadie,Clay75@hotmail.com,27
Felipe Barrows,Clint37@yahoo.com,47
Derrick Mitchell Jr.,Mark_Fritsch67@hotmail.com,52
James Boehm,Terry9@hotmail.com,54
Darrin Fritsch,Leland.Mills@yahoo.com,50
Blanca Osinski,Annette56@yahoo.com,96
Inez Walker,Fannie_Wolff-Schinner@gmail.com,19
Deanna Kunze,Colleen.Hayes@gmail.com,109
Angela Emmerich,Martin12@yahoo.com,1
Sidney Kertzmann,Angelo_Krajcik@yahoo.com,10
Miguel Stokes Sr.,Sheila86@hotmail.com,82
Cedric McLaughlin,Al.Towne@yahoo.com,21
Kendra Hauck,Jordan1@gmail.com,58
Spencer Larson,Rickey65@gmail.com,110
Claudia Collins,Timothy12@gmail.com,3
Ernest Frami,Elijah_Mante32@gmail.com,108
Fred Bailey,Shaun_Pagac@yahoo.com,23
Lillie Feeney MD,Lester32@hotmail.com,29
Salvador Collier,Alfredo.Bogisich68@gmail.com,50
Kathleen Prosacco,Ervin.Nitzsche16@hotmail.com,5
Arlene Bednar,Rickey7@yahoo.com,24
Gayle Towne,Cora.Nitzsche@yahoo.com,108
Alison Carroll,William.Wisoky@hotmail.com,5
Simon Legros,Lindsey6@gmail.com,61
Lucas Larkin,Chelsea_Kohler@hotmail.com,20
Dr. Jerome Jaskolski,Russell_VonRueden93@yahoo.com,107
Delores Friesen,Shaun.Jacobson21@yahoo.com,76
Owen Walker,Sophie.Will35@yahoo.com,110
Danny Rippin,Darryl_Mann@hotmail.com,22
Mona Maggio-Schimmel,Albert6@hotmail.com,34
Dr. Myra Jacobson PhD,Rudy_Shields59@hotmail.com,23
Eunice Crona,Leland.Harris@hotmail.com,82
Essie Ortiz,Johnnie.Rutherford-Beatty5@yahoo.com,47
Lucia Ullrich,Dallas71@yahoo.com,81
Michael Wintheiser,Brendan_Hilll@hotmail.com,75
Tanya Lemke,Jessie_OConner38@hotmail.com,117
Marian Kassulke,Yvonne25@hotmail.com,104
Aubrey Senger,Darrell.Feeney0@yahoo.com,62
Mrs. Alexis Runolfsson,Krista.Crooks@hotmail.com,84
Van Klocko,Derrick.Collier53@yahoo.com,95
Veronica Dicki,Horace.Gulgowski56@hotmail.com,3
Paulette Abshire,Velma_Flatley26@gmail.com,25
Jill Senger MD,Keith64@hotmail.com,81
Betsy Stracke,Sidney.Wolff38@yahoo.com,11
Dr. Ronald Murray,Billie.Runolfsson@hotmail.com,15
Mr. Marc Zieme,Wendy.Kessler-Adams91@yahoo.com,53
Danielle Von,Delbert.Robel@gmail.com,34
Mack Moore,Sherry45@yahoo.com,96
Mrs. Sabrina Cassin,Marshall_Daugherty20@yahoo.com,104
Cameron Bailey,Anita_Pagac@yahoo.com,9
Lewis Nolan Sr.,Geraldine.Crooks18@gmail.com,7
Sally Howell,Mamie.Parisian@hotmail.com,97
Dr. Rosie King,Dale19@yahoo.com,51
Dwight Raynor,Yvonne_Barrows13@yahoo.com,65
Debbie Parker,George_Bahringer@hotmail.com,33
Carolyn Denesik,Jean.Jacobi@yahoo.com,5
Lula Pfeffer,Inez.Brown25@gmail.com,22
Danielle Block,Lauren_Crooks74@hotmail.com,109
Alexis Runolfsdottir DDS,Dan81@hotmail.com,41
Jeremy Weber,Enrique20@hotmail.com,75
Claudia Kreiger,Krystal.Ziemann27@hotmail.com,90
Thomas McLaughlin,Angelo_Gleichner@yahoo.com,118
Bradley Bogisich,Marlon.Oberbrunner@yahoo.com,17
Elsie Schmitt,Julio55@yahoo.com,2
Fernando Wiegand,Paul.Lindgren59@hotmail.com,20
Mr. Clay Kirlin-Mann,Lucia_Powlowski87@yahoo.com,91
Grace Vandervort,Maria_Gulgowski@yahoo.com,84
Monica Abbott,Elsie.Kuphal76@hotmail.com,88
Nancy Mueller,Jimmy_Wolf@yahoo.com,42
Andrea Bernier-Abbott,Forrest43@hotmail.com,16
Mr. Carlos Abbott,Edna_Spinka@hotmail.com,50
Carl Tromp-Mraz,Lucas.Will60@gmail.com,3
Irma Kutch,Marcus65@gmail.com,77
Jake Ankunding,Marion_Hessel58@gmail.com,75
Clint Lebsack,Jennifer.Schimmel@yahoo.com,22
Miss Ana Pouros,Kelvin68@yahoo.com,80
Sheldon Daniel,Stuart.Larkin96@hotmail.com,113
Travis Crooks,Adrienne.OConner71@yahoo.com,22
Clifton Dickinson,Melvin_Bergstrom@yahoo.com,97
Saul Waelchi,Kristi_Connelly70@yahoo.com,19
Julie Mueller,Roger.Jenkins25@hotmail.com,40
Estelle Krajcik,Cristina_Little72@hotmail.com,63
Andy Streich,Marcella.Stanton32@hotmail.com,21
Jonathon Volkman,Irving.Hackett@yahoo.com,92
Patti O'Conner-Baumbach,Irma.Cruickshank@hotmail.com,6
Dwayne Gottlieb,Brandi.Kulas@yahoo.com,32
Kellie Howe,Toni.Legros@hotmail.com,87
Mr. Virgil Mraz,Johnathan33@gmail.com,23
Mr. Justin Bosco,Kurt.Kshlerin@gmail.com,94
Stanley Becker,Charles42@yahoo.com,33
Roxanne Koss,Robin_Zulauf@yahoo.com,102
Ann Corkery,Lana.Kuvalis@hotmail.com,79
Danny Witting,Patsy16@yahoo.com,3
Byron Kihn,Sherri.Dietrich@gmail.com,17
Roy Sporer,Russell_Jast64@gmail.com,34
Lois Grimes,Perry_Bradtke@gmail.com,52
Sheldon Hyatt,Patricia_Terry@gmail.com,3
Cecilia Brown,Blanche.Bergstrom7@yahoo.com,29
Nathan Dach-O'Kon,Morris.Runolfsdottir49@yahoo.com,100
Ellis Prohaska,Ben68@yahoo.com,58
Jeffery Reilly,Adrian.Mitchell1@yahoo.com,116
Rodolfo Emmerich,Betty.Boyer@hotmail.com,98
Marcus Reichel,Guillermo_Spencer@hotmail.com,72
Johnathan Hills V,Kurt59@yahoo.com,97
Malcolm Daugherty,Candice13@hotmail.com,5
Hilda Beahan,Jeanette_Breitenberg55@hotmail.com,40
Billie Rippin,Sadie17@yahoo.com,78
Alison Lemke,Dana33@yahoo.com,117
Jamie Nitzsche,Byron.Bogan50@hotmail.com,28
Jason Tillman,Lydia.Reilly@yahoo.com,54
Darryl Orn,Wilbur.Schmitt@hotmail.com,21
Bill Wisoky,Alexander_Pacocha@hotmail.com,78
Mr. Jesus Kunde V,Rudy37@hotmail.com,113
Earnest Mosciski,Freda32@yahoo.com,85
Kristie Krajcik,Amanda5@hotmail.com,113
Misty Erdman-Schulist,Kelvin96@hotmail.com,94
Tanya Champlin,Garrett.Turner@yahoo.com,101
Regina Kuhlman II,Colleen18@hotmail.com,91
Beverly Koch-Runte,Christian.Herman72@yahoo.com,91
Connie Ernser,Willard55@hotmail.com,104
Angelina Bailey DDS,Terry.Stokes@gmail.com,54
Rhonda Altenwerth,Randolph.Hermann@yahoo.com,3
Kelly Bosco-Swift,Janet29@gmail.com,3
Ms. Alyssa Donnelly,Pat56@hotmail.com,52
Delbert Sauer Jr.,Michelle_Renner58@hotmail.com,85
Frank Aufderhar,Nettie14@gmail.com,76
Mr. Kenny Wiegand,Ken_Kuhn@hotmail.com,92
Mr. Eduardo Fisher,Felicia_Streich@yahoo.com,57
Archie Kreiger,Dennis_Donnelly@gmail.com,32
Tanya Swaniawski,Patty14@hotmail.com,97
Edwin Gislason,Maureen.Smith77@hotmail.com,100
Victor Raynor,Rebecca75@gmail.com,27
Claudia Ziemann PhD,Janet_Krajcik@yahoo.com,49
Sylvester Jerde,Raul.Zulauf18@gmail.com,30
Tabitha McClure IV,Traci8@yahoo.com,100
Jaime Zboncak,Dana18@gmail.com,39
Martin Howell,Teri.Wiza-Cummings85@gmail.com,24
Eula Denesik,Orlando85@gmail.com,103
Edmond Jerde,Eloise.Vandervort55@hotmail.com,111
Dianna Gutmann,Nick_Hackett@yahoo.com,56
Irvin Block DDS,Noel.Lockman85@yahoo.com,59
Boyd Feil,Loren.Veum32@yahoo.com,27
Geoffrey Hills,Robin10@yahoo.com,56
Mr. Hector Mayer,Desiree.Heller@gmail.com,61
Frederick Bednar,Brandy.Boehm@hotmail.com,31
Lillian Douglas,Sheila_Harvey@gmail.com,24
Wanda Mohr,Kathryn_Brown10@hotmail.com,100
Dixie Bins,Cecil35@gmail.com,113
Marian Lind-Flatley,Roger.Hilll34@gmail.com,65
Miss Sandra Johnston,Pedro.Hilll26@hotmail.com,81
Lela Crooks,Robin71@hotmail.com,21
Darryl Mraz,Marta74@hotmail.com,86
Shane White,Penny.Waelchi@yahoo.com,67
Tara Hintz MD,Robin_Kuphal18@gmail.com,91
Dr. Jesse Blanda-Weissnat,Mark.Wiza@yahoo.com,55
Josefina Sanford,Michelle.Prohaska@hotmail.com,50
Rosemarie Gutkowski,Lindsay.McClure-Dibbert20@gmail.com,29
Lonnie Davis,Kathleen.Spinka25@yahoo.com,48
Charlotte Kub,Simon76@yahoo.com,110
Dr. Laurence Thiel,Laurie.Lemke20@yahoo.com,22
Dan Willms,Nichole77@gmail.com,50
Shawn Funk,Suzanne.Koelpin17@gmail.com,11
Sherry Morar,Mario27@hotmail.com,6
Sandra Yundt,Gladys.Gutkowski@yahoo.com,49
Miss Olivia Connelly,Bradford.Runte@hotmail.com,50
Vincent Brown,Cornelius.Fahey@hotmail.com,30
Dr. Rosa Howell,Tara.Schumm43@hotmail.com,71
Amy Kilback,Laurie.Green67@gmail.com,54
Sherman Herzog,Alexis33@yahoo.com,103
Shelia Wilkinson,Dominic78@hotmail.com,47
Evelyn Dare IV,Emanuel_Purdy18@yahoo.com,5
Elias Grady,Melvin.Ritchie85@yahoo.com,81
Randy Aufderhar,Marcos96@hotmail.com,61
Damon Moore,Kristen.Rosenbaum95@gmail.com,9
Merle Funk,Geoffrey.Harber60@gmail.com,106
Marcia Buckridge,Salvatore46@yahoo.com,48
Christine Bartoletti,Gordon76@hotmail.com,37
Ms. Christina Herzog,Rita.Abernathy@hotmail.com,44
Milton Herzog I,Joel_Funk@hotmail.com,117
Aaron Will,Zachary_Harris51@hotmail.com,85
Elvira McClure,Jasmine10@yahoo.com,45
Chester Glover,Jacob59@gmail.com,117
Mr. Daniel Hilpert,Bonnie_Adams35@gmail.com,12
Patsy Harber,Marvin.Swift79@gmail.com,30
Nichole Friesen,Douglas_Krajcik@yahoo.com,49
Lewis Gerhold,Jermaine74@yahoo.com,3
Mr. Rick Ankunding,Rene28@yahoo.com,86
Freddie Boyer,Gene85@yahoo.com,82
Ira Armstrong,Jean_Ernser@yahoo.com,43
Miss Anita West,Beth_Franey2@hotmail.com,8
Dexter Jacobson,Eva_Rice@gmail.com,109
Beth Terry,Elsie10@hotmail.com,105
Mr. Mark Cruickshank-Veum,Dean74@gmail.com,111
Dewey Dickens,Clara_Wisozk77@yahoo.com,15
Sean Bartell,Nora61@hotmail.com,53
Ms. Gloria Franecki,Charlie_Bruen88@yahoo.com,3
Erik Flatley,Marguerite_Ziemann@hotmail.com,47
Ian Prosacco Jr.,Laurie_Ankunding30@hotmail.com,105
Zachary Hane,Christy82@gmail.com,34
Dan Wilkinson,Emmett83@gmail.com,48
Josh Littel,Paulette.Bogisich@yahoo.com,50
Tara Reynolds,Clifford.Schultz@yahoo.com,36
Mr. Lonnie Reichert,Fred_Jakubowski@hotmail.com,45
Miss Jessie Cole,Elmer73@gmail.com,16
John Ondricka,Billy.Koepp@yahoo.com,30
Bryant Orn,Nathaniel.Goyette@yahoo.com,46
Ronnie Bechtelar,Sandra19@yahoo.com,22
Darrin Schulist,Edna53@hotmail.com,109
Jeremy Jaskolski,Walter_Haley@hotmail.com,26
Pablo Dietrich,Rhonda_Kemmer@hotmail.com,46
Lisa Emard,William.Conroy3@gmail.com,100
Jo Braun,Jan_Beatty@gmail.com,50
Tiffany Larson,Victor.Wilkinson-Ullrich@hotmail.com,97
Miss Angelina Smitham,Scott.Price22@hotmail.com,6
Darnell Hahn,Penny.Brakus@gmail.com,34
Doreen Lindgren,Emilio.Reynolds33@yahoo.com,56
Keith Kuvalis,Krista.Weber85@yahoo.com,69
Gordon Armstrong,Angelina_Schoen11@gmail.com,114
Dr. Ivan Corwin,Olivia_Stracke@gmail.com,34
Alma Bechtelar,Shelly_Balistreri22@hotmail.com,102
Chelsea Konopelski,Pamela.Balistreri@yahoo.com,108
Mrs. June Skiles,Maurice.Kris51@yahoo.com,102
Gary Barton,Frederick_Kerluke@gmail.com,24
Ms. Francis Harber-Franecki,Karen_Ratke@gmail.com,100
Clay Roberts,Marlene.Frami35@hotmail.com,95
Dwayne Lebsack,Amber.Carroll45@yahoo.com,118
Joshua Wunsch-Harvey,Guadalupe.Fisher43@yahoo.com,43
Roman Huels,Harriet.Cronin10@yahoo.com,70
Josefina Pfannerstill,Molly.Ortiz42@gmail.com,68
Gerard Spinka,Raul_Conroy74@hotmail.com,109
Clifford Kris,Carol89@hotmail.com,49
Bernadette Gulgowski,Mitchell.Jacobi72@yahoo.com,50
Mrs. Angel O'Reilly,Ella.Heaney@hotmail.com,115
Catherine Homenick,Stella_McKenzie44@gmail.com,88
Lorene Kassulke,Nancy_Leannon@hotmail.com,55
Harriet Murazik,Sophia66@gmail.com,119
Elizabeth Monahan,Levi.Powlowski7@hotmail.com,75
Mario Kassulke,Joshua_Borer@gmail.com,30
Helen Bernhard,Robert98@yahoo.com,65
Ms. Sue Harris,Calvin.Abshire23@yahoo.com,80
Erik Friesen,Mary_Spencer60@gmail.com,25
Vera Funk,Stewart_Jast@yahoo.com,117
Everett Ryan,Sherri_Macejkovic61@gmail.com,66
Cora Zieme-Schinner,Clifford66@hotmail.com,82
Melanie Hessel,Kristine6@gmail.com,93
Miss Michele Okuneva,Jennie_Purdy@yahoo.com,87
Travis Rice V,Elmer_Terry34@gmail.com,61
Wilson Schmitt,Jermaine.Spinka75@yahoo.com,55
Rita Bernhard,Kara.Rutherford89@hotmail.com,67
Lionel Graham Jr.,Marie_Nitzsche3@hotmail.com,99
Larry Heathcote,Francisco15@hotmail.com,23
Benny Feil,Opal.Smitham25@gmail.com,53
Dr. Gerard Krajcik,Clayton_Mitchell67@gmail.com,60
Jessica Leffler,Terri64@gmail.com,17
Mrs. Meredith Rowe,Beverly_Cruickshank@hotmail.com,88
Brian Hettinger-Bode,Laurie34@hotmail.com,54
Herman Green,Lauren_Halvorson23@hotmail.com,61
Carla Nader,Cesar_Zieme90@yahoo.com,103
Dan Altenwerth Jr.,Molly59@gmail.com,67
Christy Bode,Cameron5@yahoo.com,9
Darrel Denesik,Rolando.Borer48@gmail.com,5
Molly Emard,Deanna88@hotmail.com,111
Forrest Nader,Marcella.Blanda61@yahoo.com,75
Mr. Calvin Rippin II,Ann.Kessler@yahoo.com,10
June Walker,Joann40@hotmail.com,8
Ms. Evelyn Conn,Eunice_Johns@hotmail.com,73
Sara Ledner,Alexandra62@yahoo.com,18
Randall Koepp,Marcos71@yahoo.com,28
Stewart Deckow,Brenda_Harris25@hotmail.com,58
Alejandro Goyette MD,Jesse_Schmeler@yahoo.com,31
Ms. Virginia Bernier,Brian.Walker71@gmail.com,52
Mr. Jaime Watsica,Lula54@gmail.com,53
Ms. Tricia Lockman,Curtis.Pfannerstill@yahoo.com,94
Darla Hartmann,Cesar.Luettgen@gmail.com,85
Gregory Mayer,Rolando32@yahoo.com,98
Duane Daugherty,Andy_Ziemann68@yahoo.com,110
Anne Waters,Debra39@gmail.com,14
Dr. Lee Hintz-Krajcik V,Cary84@gmail.com,97
Alex Kreiger,Noel.Lakin93@gmail.com,31
Erma Kuvalis,Andy69@gmail.com,86
Tracy Howell,Abraham.Kreiger@gmail.com,34
Danielle Thiel,Emily_Lebsack11@hotmail.com,47
Mr. Cameron Hyatt,Willie70@hotmail.com,109
Stacey Wisoky,Mindy_Dietrich48@gmail.com,8
Vernon Buckridge,Roberto_Champlin@yahoo.com,53
Mercedes Larson Jr.,Emma.Conn@yahoo.com,61
Samantha Predovic,Horace.Lowe97@yahoo.com,82
Mr. Frankie Collier Jr.,Suzanne95@hotmail.com,53
Leroy Bogan,Ella8@gmail.com,59
Samantha Terry,Cary_Batz@hotmail.com,120
Randolph Wiza DDS,Lindsay_Bode@yahoo.com,116
Troy Bode,Gerardo77@gmail.com,60
Rex Ortiz-Wilderman II,Harry72@yahoo.com,99
May Bartoletti,Alyssa_Dare@gmail.com,116
Roman Kihn,Carolyn.Schultz94@hotmail.com,116
Carlton Torp Jr.,Anne_Grimes18@hotmail.com,23
Kara Kirlin,Erik91@gmail.com,72
Pat Hammes,Shawn_Davis@yahoo.com,36
Anita Hauck,Patty90@yahoo.com,33
Byron Harvey-Quitzon,Sara_Willms@gmail.com,27
Kathleen Corwin,Bernadette4@hotmail.com,115
Kristin Daniel,Jodi.Gislason@yahoo.com,25
Irma Spencer I,Kristopher_Kautzer@yahoo.com,19
Jeannie McLaughlin,Hattie_Tromp@hotmail.com,28
Dr. Vincent Torphy,Alice_Deckow15@gmail.com,105
Darrel Batz-Roberts,Jessie4@yahoo.com,76
Harold Reichel,Gina.Goyette@gmail.com,80
Roman Lubowitz,Boyd.Bruen-Friesen@gmail.com,43
Melody Walsh,Spencer98@yahoo.com,41
Elbert Upton,Felix.Yundt30@hotmail.com,107
Shannon Ankunding,Ronnie32@yahoo.com,61
Ben Rath,Dave.Bernhard43@hotmail.com,68
Raymond Lakin,Kate_Okuneva@gmail.com,81
Oliver Donnelly,Conrad48@hotmail.com,36
Cristina Marks,Nettie_Graham44@yahoo.com,114
Cameron Grady,Ann52@yahoo.com,21
Mr. Leonard Huel,Shawna.Veum34@gmail.com,21
Brittany Cremin,Beulah.Krajcik@yahoo.com,78
Vincent Rodriguez,Blanca.Miller@gmail.com,61
Darryl Vandervort,Victor.Upton@yahoo.com,42
Heather Cummings,Vivian14@hotmail.com,24
Mabel Gleason,Nathaniel_Mertz94@yahoo.com,106
Dennis Herzog,Rosemarie_Schoen47@hotmail.com,85
Tina Nitzsche DVM,Eva_Dickinson@hotmail.com,115
Wallace Gorczany,Belinda_Frami@yahoo.com,50
Dr. Sheldon Brakus,Noah_Rau@gmail.com,80
Stephanie Murazik,Morris95@gmail.com,109
Sara Schoen,Grady52@gmail.com,27
Mrs. Veronica Nikolaus,Todd.Altenwerth35@gmail.com,95
Dr. Amos Swift Sr.,Teri67@hotmail.com,7
Milton Mraz,Beth8@yahoo.com,66
Willard Runte,Vernon.Kunde@hotmail.com,98
Wanda Willms,Daniel98@hotmail.com,61
Andres Pfannerstill,Nicolas_Ankunding34@gmail.com,81
Carl Medhurst I,Jesse93@yahoo.com,94
Dr. Kirk Sipes,Janis_Powlowski54@hotmail.com,98
Kathleen Herzog,Yvette_Bergstrom-Mertz28@yahoo.com,91
Elvira Bergstrom,Karen_Lockman0@yahoo.com,61
Casey Boehm,Rene_Johns@hotmail.com,99
Lynette Walter,Lester.Wiegand-Lindgren@hotmail.com,12
Ellis Douglas,Dawn_Kuhn@yahoo.com,61
Jean Quitzon,Kate52@yahoo.com,99
Rosemarie Bogan,Edwin98@gmail.com,70
Harold Bailey,Gwen_Weber18@gmail.com,116
Judith O'Reilly PhD,Jaime.Schulist@hotmail.com,115
Marguerite Marks,Rosie_Keeling50@gmail.com,2
Hugo MacGyver,Brad99@yahoo.com,25
Tyler Kohler Jr.,Carolyn_Quigley94@yahoo.com,117
Ms. Florence Herzog,Lynn_Kuvalis@yahoo.com,19
Theodore Powlowski,Erick89@yahoo.com,52
Conrad Daniel,Alberta_Gorczany@yahoo.com,74
Christina Spencer,Kelly93@hotmail.com,65
Jacquelyn Gerlach,Antonio29@hotmail.com,82
Lynette Sporer,Leona.Gutkowski9@gmail.com,36
Victoria Bashirian,Rachel_Fay@yahoo.com,83
Mrs. Amy Hamill DDS,Charles_Schumm@yahoo.com,12
Guadalupe Ledner,Paula25@yahoo.com,70
Rickey Zemlak,Belinda46@hotmail.com,77
Jaime Hegmann III,Todd17@hotmail.com,58
Darren Christiansen,Aaron.Streich90@hotmail.com,83
Sandy Bashirian,Melvin_Davis4@yahoo.com,87
Roman Keebler,Celia_Berge@yahoo.com,98
Denise Orn,Annie.Schuster@hotmail.com,117
Dr. Angelo Littel,Evelyn_Rau@yahoo.com,113
Joanna Strosin,Tamara59@hotmail.com,113
Mr. Stanley Reinger,Felipe.Smith@hotmail.com,37
Marion Leffler,William47@hotmail.com,54
Carolyn Boyle II,Tanya76@yahoo.com,16
Deanna Breitenberg,Jimmy60@yahoo.com,107
Dominick Conroy PhD,Guadalupe_Langosh-Reichert41@hotmail.com,75
Stanley Quigley-Marks,Lana_Vandervort@yahoo.com,80
Chad Gutkowski,Jerry.Wintheiser1@hotmail.com,46
Monica Pollich,Samuel_Dietrich@gmail.com,97
Claudia Anderson V,Esther77@hotmail.com,96
Tracey Hoeger,Bennie47@gmail.com,7
Jennie Lehner,Amber.Mayer@yahoo.com,69
Johanna Rice-Miller,Charlie.Klein73@yahoo.com,87
Ms. Valerie Mante,Dan57@gmail.com,51
Leona Kiehn,Lonnie_Becker@hotmail.com,37
Adrienne Lang,Mildred_Maggio52@hotmail.com,19
Ray Mosciski,Henry_Schimmel9@gmail.com,17
Jody Harris,Catherine_Bartell@hotmail.com,116
Kendra Pfannerstill II,Olive_Abbott@gmail.com,41
Alyssa Stanton,Kay_Morar63@yahoo.com,41
Sheryl Bashirian,Norma.Jacobs@hotmail.com,108
Lauren Veum,Candice_Bergnaum@hotmail.com,2
Jacob McCullough,Homer_Waters@hotmail.com,54
Patti Stokes,Rachel_Lind15@gmail.com,34
Heather Blanda,Yvonne_Pollich18@gmail.com,70
Theodore Friesen-Konopelski,Diane99@hotmail.com,81
Glenda Wisozk,Miriam21@gmail.com,119
Linda Waelchi,Chester_Funk69@yahoo.com,76
Natasha Fahey,Jamie.Koss77@gmail.com,77
Becky Schroeder,Lynne44@gmail.com,69
Gayle Schneider DDS,Amelia.Rolfson@gmail.com,92
Allison Mohr,Dustin.Kunze@hotmail.com,52
Miss Melody Krajcik,Ebony_Gleason@gmail.com,69
Amanda Thompson,Erin_Herman-Dach9@gmail.com,43
Wilfred Hackett,Julian.Hudson@yahoo.com,19
Jason Abbott DDS,April_Prohaska2@gmail.com,62
Kelli Blanda,Alfred63@yahoo.com,106
Viola Zulauf Sr.,Diana.Ledner92@yahoo.com,52
Ivan Harvey,Rex10@yahoo.com,30
Jeff Koss,Dora.Mann80@gmail.com,104
Gene Feest Sr.,Ted59@gmail.com,64
Debbie Hyatt,Marcus86@hotmail.com,22
Russell Haley,Jenny5@yahoo.com,73
Naomi Ruecker,Clifton.Sanford3@hotmail.com,84
Carole Treutel,Darryl.Aufderhar32@hotmail.com,75
Rebecca Steuber,Julian91@gmail.com,83
Dorothy Kling,Yvette_Lynch44@yahoo.com,23
Leona O'Reilly,Gregory.Fisher@hotmail.com,52
Rita Satterfield,Pam.Collier-Homenick@gmail.com,32
Jessie Kulas,Cynthia47@yahoo.com,107
Linda Runte,Viola_Rodriguez17@hotmail.com,21
Janice Altenwerth,Byron_Turner74@gmail.com,72
Cecilia Murray,Kenneth.Douglas@hotmail.com,118
Estelle Bartell V,Gabriel28@hotmail.com,115
Kyle Breitenberg,Irvin.Mosciski35@gmail.com,38
Dr. Earnest Kuhlman,Joanne.Christiansen@gmail.com,91
Stephanie Reichert,Doreen25@gmail.com,58
Carla Hoeger,Phillip.Sauer@yahoo.com,33
Timmy Donnelly,Ernest.Feil44@yahoo.com,26
Tiffany Kub-Friesen,Ryan2@yahoo.com,23
Sammy Waters,Marta_Rutherford@hotmail.com,70
Edith Schaefer,Beverly_Trantow@gmail.com,48
Wendy Paucek,Anthony_Smitham81@yahoo.com,84
Robyn Luettgen,Dorothy82@gmail.com,100
Mrs. Madeline Luettgen,Susan36@hotmail.com,20
Barry Sauer,Teresa_Douglas48@hotmail.com,75
Leland Corwin,Robert_Zieme@gmail.com,38
Troy Huels,Alex_Windler@yahoo.com,32
Wilson Lebsack,Edith21@gmail.com,80
Elsa Price Sr.,Rufus.Langworth@hotmail.com,63
Connie McClure,Erin_Breitenberg@yahoo.com,72
Toni Jaskolski,Ivan15@yahoo.com,111
Jessica Bartell,Arlene_Bradtke@gmail.com,44
Sadie Toy,Randolph39@hotmail.com,67
Alonzo Boyer,Marian_Schiller88@hotmail.com,19
Pete Smith,Lynette48@gmail.com,103
Travis Luettgen,Blanca_Kiehn81@hotmail.com,118
Ernestine Greenfelder,Devin_Legros77@hotmail.com,7
Jamie Littel,Sheri_Hudson@gmail.com,68
Rodney Parker,Dave38@gmail.com,23
Marcia Dickinson-Schoen,Hazel68@gmail.com,100
June Schroeder,Miriam.Schaden56@hotmail.com,51
Joseph Sawayn,Ervin_Krajcik37@gmail.com,46
Kelley Zieme,Cedric.Grady0@gmail.com,39
Lorene Simonis,Percy.Heathcote@yahoo.com,14
Ken Wilkinson,Robin_Cronin@gmail.com,11
Marguerite Weber,Patsy.Tromp@yahoo.com,98
Loretta Daniel,Charlene.Rice99@gmail.com,61
Dr. Scott McKenzie DDS,Kelli68@yahoo.com,42
Eduardo Mosciski,Willie.Kuphal-Hermann@hotmail.com,120
Estelle Wuckert,Rose_Quigley@hotmail.com,116
Daryl Walter,Leon_Parisian@yahoo.com,58
Sherman Davis,Joshua_Fadel@yahoo.com,71
Alexis Doyle,Heidi_Rowe@gmail.com,118
Sharon Sporer,Jacqueline3@yahoo.com,83
Sonya Thompson-Ryan MD,Darin_Goodwin@yahoo.com,33
Elbert Franey IV,Salvatore.Howe3@gmail.com,48
Esther Skiles,Patricia_Witting@gmail.com,26
Timothy Bernier-Harber,Gretchen.Mosciski73@yahoo.com,53
Roger Ortiz,Toby62@gmail.com,56
Anna Rohan,Alberto.Bergstrom95@yahoo.com,106
Maxine Corwin,Rebecca54@yahoo.com,51
Mr. Wm Beier,Lori84@gmail.com,26
Gladys Harber,Yvonne.Gislason-Treutel12@hotmail.com,42
Sandy Cassin PhD,Tonya.Morar-OConner89@gmail.com,110
Mrs. Casey Johnston,Darrel66@gmail.com,17
Margarita Feest,Yvonne_Kris@hotmail.com,82
Jan Kub,Delores67@gmail.com,72
Carolyn Weissnat,Erica47@yahoo.com,33
Colin Murray,Mark60@hotmail.com,20
Tom Rath,Cathy89@gmail.com,117
Wilma Keebler,Mamie_Spencer@gmail.com,108
Latoya Waelchi,Vernon_Wiza25@gmail.com,73
Mr. Brian Weissnat,Sonya_Reichert@yahoo.com,20
Armando Lockman,Tamara80@yahoo.com,43
Craig Hammes,Jeremy_Dibbert@gmail.com,45
Martin Morar,Boyd85@gmail.com,52
Irving Bashirian,Bertha.Torphy-Schmidt59@gmail.com,118
Ramiro Crist,Cody20@yahoo.com,23
Orlando Hyatt,Felicia_Tremblay@yahoo.com,48
Christy Lynch,Guy.Rice@hotmail.com,26
Annie Sauer,Emma_Mayert89@hotmail.com,107
Belinda Schimmel-Lebsack,Forrest92@gmail.com,10
Ernesto Schinner,Theodore18@gmail.com,59
Arnold Parisian,Kim_Willms@hotmail.com,22
Gilberto Hammes,Jesus.Homenick@hotmail.com,5
Reginald Wiza,Regina10@gmail.com,51
Kelly Swift,Ida6@hotmail.com,94
Rita Powlowski,Wilfred42@yahoo.com,86
Pablo Hills,Bobby.Fadel@yahoo.com,12
Sharon Predovic,Mary75@yahoo.com,20
Mitchell Goodwin,Wade.Torp1@gmail.com,29
Patti Wolf,Tyler90@yahoo.com,52
Delbert Jacobs,Annette87@gmail.com,97
Misty Ernser,Emmett42@hotmail.com,98
Jaime Wilkinson,Wilbert64@yahoo.com,115
Sergio Stokes,Traci.Schiller@yahoo.com,47
Jeffery Bauch,Dennis86@yahoo.com,96
Marty Abshire,Edith30@hotmail.com,45
Kari Schmeler,Cassandra_Keebler70@yahoo.com,74
Stephanie Spencer,Kristopher.Daniel87@hotmail.com,40
Joseph Hessel,William.Bergstrom@yahoo.com,82
Tammy Gerhold IV,Fred_Koelpin@hotmail.com,14
Sandra Gerhold,Rosie78@yahoo.com,81
Peggy Nicolas,Florence.Davis@hotmail.com,74
Dr. Archie Predovic,Lois_Thompson2@hotmail.com,10
Ms. Henrietta Runolfsson,Jenna85@gmail.com,76
Casey Hayes-Schaden,Eddie.Johns@yahoo.com,115
Mr. Ronald Denesik,Suzanne_Simonis53@hotmail.com,45
Judith Heaney,Kay_Hartmann18@hotmail.com,25
Randy Mraz,Geneva.Kemmer38@gmail.com,63
Diane Doyle,Herman.Hammes55@yahoo.com,85
Dustin Mayer,Kathy.Schuppe@gmail.com,56
Chad Kohler,Walter.Johnston88@yahoo.com,112
Lindsey Bauch,Francis45@yahoo.com,68
Noel Yundt,Michele_Leffler36@gmail.com,80
Mrs. Olga Emmerich,Cassandra97@gmail.com,59
Rosemarie Hilll,Mae_Kozey@hotmail.com,33
Alma O'Conner,Douglas_Sipes35@hotmail.com,6
Rita Simonis II,Claire_Rohan@hotmail.com,74
Dale Monahan,Lyle31@hotmail.com,101
Emilio Nikolaus,Jana69@gmail.com,120
Conrad Jaskolski,Jeanne_Sanford79@gmail.com,55
Rudolph Smitham,Sonya13@yahoo.com,17
Kirk Willms Sr.,Yvonne_Swaniawski98@yahoo.com,53
Mathew Price,Tami87@yahoo.com,31
Joanne Kuhn,Israel.Reynolds@gmail.com,64
Brooke Volkman,Phyllis72@gmail.com,56
Dexter Mayert,Chris53@gmail.com,86
Jake Wiegand,Ethel_Runolfsdottir83@hotmail.com,57
Alexander Gerlach,Latoya_Yundt@gmail.com,65
Nichole Bartoletti,Rosie15@gmail.com,115
Johnnie Davis II,Abraham_Runolfsson@yahoo.com,96
Kerry Goyette,Caroline_Keeling@hotmail.com,54
Patti Daniel,Jesus44@yahoo.com,101
Jackie Hickle,Samantha.Corwin@gmail.com,65
Mr. Randy Marquardt,Matt.Schneider97@yahoo.com,35
Mr. Cameron Rath,Bernard84@yahoo.com,13
Billie Buckridge,Charlotte26@gmail.com,106
Bertha Frami,Arthur.Dooley66@hotmail.com,12
Casey Funk,Phyllis.Strosin@yahoo.com,2
Mrs. Marguerite Schamberger V,Brandon.Schowalter70@hotmail.com,38
Mrs. Bethany Anderson,Deanna55@hotmail.com,81
Dr. Carlos Bergstrom,Sheldon_Hartmann@gmail.com,51
Mr. Ray McLaughlin,Suzanne_Lueilwitz1@hotmail.com,57
Ellen Larson,Roxanne_Bashirian@gmail.com,78
Jonathon Jones,Jody.Quigley-Ziemann33@yahoo.com,116
Phyllis Jast,Gladys.Collins@yahoo.com,100
Shelia Wiegand,Joan_Lesch99@gmail.com,30
Darin Runolfsson,Lorene.Blick@gmail.com,30
Ricardo Johnson Sr.,Floyd18@hotmail.com,120
Colin Willms,Dora.OConner98@gmail.com,88
Brad Luettgen,Rudolph_Mertz@yahoo.com,21
